{
	"id": 24,
	"created_at": "2023-03-21T02:53:54.04598+00:00",
	"userId": "0fced8c2-3404-4bc3-bc19-7c656873d081",
	"title": "Wario Time!",
	"likes": 1,
	"dislikes": 0,
	"timesPlayed": 48,
	"file": "{\"id\":0,\"maximumMoves\":8,\"score\":15000,\"initialItems\":[{\"type\":\"Candy\",\"color\":\"Blue\"},{\"type\":\"Candy\",\"color\":\"Yellow\"},{\"type\":\"Candy\",\"color\":\"Green\"},{\"type\":\"Candy\",\"color\":\"Orange\"},{\"type\":\"Candy\",\"color\":\"Green\"},{\"type\":\"Candy\",\"color\":\"Green\"},{\"type\":\"Candy\",\"color\":\"Green\"},{\"type\":\"Candy\",\"color\":\"Yellow\"},{\"type\":\"Candy\",\"color\":\"Green\"},{\"type\":\"Candy\",\"color\":\"Purple\"},{\"type\":\"Candy\",\"color\":\"Orange\"},{\"type\":\"Candy\",\"color\":\"Yellow\"},{\"type\":\"Candy\",\"color\":\"Purple\"},{\"type\":\"Chocolate\"},{\"type\":\"Candy\",\"color\":\"Purple\"},{\"type\":\"Candy\",\"color\":\"Yellow\"},{\"type\":\"Candy\",\"color\":\"Blue\"},{\"type\":\"Candy\",\"color\":\"Purple\"},{\"type\":\"Candy\",\"color\":\"Orange\"},{\"type\":\"Candy\",\"color\":\"Yellow\"},{\"type\":\"Candy\",\"color\":\"Blue\"},{\"type\":\"SuperCandy\",\"color\":\"Green\"},{\"type\":\"Candy\",\"color\":\"Yellow\"},{\"type\":\"Candy\",\"color\":\"Green\"},{\"type\":\"Candy\",\"color\":\"Green\"},{\"type\":\"Candy\",\"color\":\"Yellow\"},{\"type\":\"Candy\",\"color\":\"Yellow\"},{\"type\":\"Candy\",\"color\":\"Blue\"},{\"type\":\"IceCream\"},{\"type\":\"Candy\",\"color\":\"Red\"},{\"type\":\"Candy\",\"color\":\"Orange\"},{\"type\":\"Candy\",\"color\":\"Red\"},{\"type\":\"Candy\",\"color\":\"Red\"},{\"type\":\"Candy\",\"color\":\"Purple\"},{\"type\":\"Candy\",\"color\":\"Orange\"},{\"type\":\"Candy\",\"color\":\"Yellow\"},{\"type\":\"Candy\",\"color\":\"Orange\"},{\"type\":\"Candy\",\"color\":\"Red\"},{\"type\":\"Candy\",\"color\":\"Orange\"},{\"type\":\"SuperCandy\",\"color\":\"Blue\"},{\"type\":\"Candy\",\"color\":\"Orange\"},{\"type\":\"Candy\",\"color\":\"Yellow\"},{\"type\":\"Candy\",\"color\":\"Orange\"},{\"type\":\"Candy\",\"color\":\"Blue\"},{\"type\":\"Candy\",\"color\":\"Blue\"},{\"type\":\"Candy\",\"color\":\"Blue\"},{\"type\":\"Candy\",\"color\":\"Blue\"},{\"type\":\"Candy\",\"color\":\"Red\"},{\"type\":\"Candy\",\"color\":\"Purple\"},{\"type\":\"Candy\",\"color\":\"Yellow\"},{\"type\":\"Candy\",\"color\":\"Orange\"},{\"type\":\"Candy\",\"color\":\"Yellow\"},{\"type\":\"Candy\",\"color\":\"Red\"},{\"type\":\"Candy\",\"color\":\"Orange\"},{\"type\":\"Candy\",\"color\":\"Orange\"},{\"type\":\"Candy\",\"color\":\"Purple\"},{\"type\":\"Candy\",\"color\":\"Red\"},{\"type\":\"Candy\",\"color\":\"Purple\"},{\"type\":\"Candy\",\"color\":\"Blue\"},{\"type\":\"Candy\",\"color\":\"Blue\"},{\"type\":\"Candy\",\"color\":\"Orange\"},{\"type\":\"Candy\",\"color\":\"Purple\"},{\"type\":\"Candy\",\"color\":\"Red\"},{\"type\":\"Candy\",\"color\":\"Orange\"},{\"type\":\"Candy\",\"color\":\"Blue\"},{\"type\":\"Candy\",\"color\":\"Purple\"},{\"type\":\"Candy\",\"color\":\"Red\"},{\"type\":\"Candy\",\"color\":\"Red\"},{\"type\":\"Candy\",\"color\":\"Green\"},{\"type\":\"Candy\",\"color\":\"Orange\"},{\"type\":\"Candy\",\"color\":\"Blue\"},{\"type\":\"Candy\",\"color\":\"Red\"},{\"type\":\"Candy\",\"color\":\"Blue\"},{\"type\":\"Candy\",\"color\":\"Yellow\"},{\"type\":\"Candy\",\"color\":\"Orange\"},{\"type\":\"Candy\",\"color\":\"Orange\"},{\"type\":\"Candy\",\"color\":\"Purple\"},{\"type\":\"Candy\",\"color\":\"Yellow\"},{\"type\":\"Candy\",\"color\":\"Yellow\"},{\"type\":\"Candy\",\"color\":\"Blue\"},{\"type\":\"Candy\",\"color\":\"Red\"}],\"initialTiles\":[{\"type\":\"Normal\"},{\"type\":\"Normal\"},{\"type\":\"Normal\"},{\"type\":\"Normal\"},{\"type\":\"Normal\"},{\"type\":\"Normal\"},{\"type\":\"Normal\"},{\"type\":\"Normal\"},{\"type\":\"Normal\"},{\"type\":\"Normal\"},{\"type\":\"Normal\"},{\"type\":\"Normal\"},{\"type\":\"Normal\"},{\"type\":\"Normal\"},{\"type\":\"Normal\"},{\"type\":\"Normal\"},{\"type\":\"Normal\"},{\"type\":\"Normal\"},{\"type\":\"Normal\"},{\"type\":\"Normal\"},{\"type\":\"Normal\"},{\"type\":\"Normal\"},{\"type\":\"Normal\"},{\"type\":\"Normal\"},{\"type\":\"Normal\"},{\"type\":\"Normal\"},{\"type\":\"Normal\"},{\"type\":\"Normal\"},{\"type\":\"Normal\"},{\"type\":\"Normal\"},{\"type\":\"Normal\"},{\"type\":\"Normal\"},{\"type\":\"Normal\"},{\"type\":\"Normal\"},{\"type\":\"Normal\"},{\"type\":\"Normal\"},{\"type\":\"Normal\"},{\"type\":\"Normal\"},{\"type\":\"Normal\"},{\"type\":\"Normal\"},{\"type\":\"Normal\"},{\"type\":\"Normal\"},{\"type\":\"Normal\"},{\"type\":\"Normal\"},{\"type\":\"Normal\"},{\"type\":\"Normal\"},{\"type\":\"Normal\"},{\"type\":\"Normal\"},{\"type\":\"Normal\"},{\"type\":\"Normal\"},{\"type\":\"Normal\"},{\"type\":\"Normal\"},{\"type\":\"Normal\"},{\"type\":\"Normal\"},{\"type\":\"Normal\"},{\"type\":\"Normal\"},{\"type\":\"Normal\"},{\"type\":\"Normal\"},{\"type\":\"Normal\"},{\"type\":\"Normal\"},{\"type\":\"Normal\"},{\"type\":\"Normal\"},{\"type\":\"Normal\"},{\"type\":\"Normal\"},{\"type\":\"Normal\"},{\"type\":\"Normal\"},{\"type\":\"Normal\"},{\"type\":\"Normal\"},{\"type\":\"Normal\"},{\"type\":\"Normal\"},{\"type\":\"Normal\"},{\"type\":\"Normal\"},{\"type\":\"Normal\"},{\"type\":\"Normal\"},{\"type\":\"Normal\"},{\"type\":\"Normal\"},{\"type\":\"Normal\"},{\"type\":\"Normal\"},{\"type\":\"Normal\"},{\"type\":\"Normal\"},{\"type\":\"Normal\"}],\"tasks\":{\"iceTiles\":0,\"rockTiles\":0,\"iceCreams\":1},\"title\":\"Wario Time!\"}"
}