[
	{
		"id": 24,
		"created_at": "2023-03-21T02:53:54.04598+00:00",
		"userId": "0fced8c2-3404-4bc3-bc19-7c656873d081",
		"title": "Wario Time!",
		"likes": 1,
		"dislikes": 0,
		"timesPlayed": 47,
		"user": {
			"id": 16,
			"createdAt": "2023-03-10T01:42:41.754884+00:00",
			"nickname": "Wario",
			"avatarURL": "https://wjkhdliegkpfcyhdsnvk.supabase.co/storage/v1/object/public/media/0fced8c2-3404-4bc3-bc19-7c656873d081/avatar.png?updated=1678412697021",
			"completedLevels": {
				"main": [
					{
						"id": 1,
						"stars": 3
					},
					{
						"id": 3,
						"stars": 3
					},
					{
						"id": 2,
						"stars": 3
					},
					{
						"id": 4,
						"stars": 3
					},
					{
						"id": 5,
						"stars": 3
					},
					{
						"id": 6,
						"stars": 3
					},
					{
						"id": 7,
						"stars": 1
					}
				],
				"online": [
					{
						"id": 16,
						"stars": 3
					}
				]
			},
			"userId": "0fced8c2-3404-4bc3-bc19-7c656873d081",
			"email": "wario@gmail.com",
			"likedLevels": [
				16,
				5,
				9
			],
			"dislikedLevels": [
				6,
				23
			]
		}
	},
	{
		"id": 23,
		"created_at": "2023-03-20T22:18:51.987355+00:00",
		"userId": "8f6489d9-5c0e-4f4e-888f-c90f1f531af2",
		"title": "IMPOSIBBLE LEVEL",
		"likes": 0,
		"dislikes": 1,
		"timesPlayed": 11,
		"user": {
			"id": 15,
			"createdAt": "2023-03-08T02:34:06.1477+00:00",
			"nickname": "Raiden",
			"avatarURL": "https://wjkhdliegkpfcyhdsnvk.supabase.co/storage/v1/object/public/media/8f6489d9-5c0e-4f4e-888f-c90f1f531af2/avatar.png?updated=1678243025226",
			"completedLevels": {
				"main": [
					{
						"id": 1,
						"stars": 3
					},
					{
						"id": 2,
						"stars": 3
					},
					{
						"id": 3,
						"stars": 3
					}
				],
				"online": [
					{
						"id": 16,
						"stars": 3
					}
				]
			},
			"userId": "8f6489d9-5c0e-4f4e-888f-c90f1f531af2",
			"email": "raiden@gmail.com",
			"likedLevels": [
				16,
				24
			],
			"dislikedLevels": null
		}
	},
	{
		"id": 22,
		"created_at": "2023-03-20T21:44:53.98082+00:00",
		"userId": "0fced8c2-3404-4bc3-bc19-7c656873d081",
		"title": "Number Two",
		"likes": 0,
		"dislikes": 0,
		"timesPlayed": 11,
		"user": {
			"id": 16,
			"createdAt": "2023-03-10T01:42:41.754884+00:00",
			"nickname": "Wario",
			"avatarURL": "https://wjkhdliegkpfcyhdsnvk.supabase.co/storage/v1/object/public/media/0fced8c2-3404-4bc3-bc19-7c656873d081/avatar.png?updated=1678412697021",
			"completedLevels": {
				"main": [
					{
						"id": 1,
						"stars": 3
					},
					{
						"id": 3,
						"stars": 3
					},
					{
						"id": 2,
						"stars": 3
					},
					{
						"id": 4,
						"stars": 3
					},
					{
						"id": 5,
						"stars": 3
					},
					{
						"id": 6,
						"stars": 3
					},
					{
						"id": 7,
						"stars": 1
					}
				],
				"online": [
					{
						"id": 16,
						"stars": 3
					}
				]
			},
			"userId": "0fced8c2-3404-4bc3-bc19-7c656873d081",
			"email": "wario@gmail.com",
			"likedLevels": [
				16,
				5,
				9
			],
			"dislikedLevels": [
				6,
				23
			]
		}
	},
	{
		"id": 17,
		"created_at": "2023-03-13T01:39:57.171452+00:00",
		"userId": "fd94b790-0e7e-4cc3-b372-b4d5fea8bb9d",
		"title": "Lots of Ice",
		"likes": 2,
		"dislikes": 0,
		"timesPlayed": 14,
		"user": {
			"id": 4,
			"createdAt": "2023-02-27T02:13:47.285963+00:00",
			"nickname": "golde_sun",
			"avatarURL": null,
			"completedLevels": {
				"main": [],
				"online": [
					{
						"id": 17,
						"stars": 3
					}
				]
			},
			"userId": "fd94b790-0e7e-4cc3-b372-b4d5fea8bb9d",
			"email": "golder_sun@gmail.com",
			"likedLevels": [
				17
			],
			"dislikedLevels": null
		}
	},
	{
		"id": 16,
		"created_at": "2023-03-11T01:07:42.075922+00:00",
		"userId": "0fced8c2-3404-4bc3-bc19-7c656873d081",
		"title": "easy-peasy",
		"likes": 21,
		"dislikes": 18,
		"timesPlayed": 106,
		"user": {
			"id": 16,
			"createdAt": "2023-03-10T01:42:41.754884+00:00",
			"nickname": "Wario",
			"avatarURL": "https://wjkhdliegkpfcyhdsnvk.supabase.co/storage/v1/object/public/media/0fced8c2-3404-4bc3-bc19-7c656873d081/avatar.png?updated=1678412697021",
			"completedLevels": {
				"main": [
					{
						"id": 1,
						"stars": 3
					},
					{
						"id": 3,
						"stars": 3
					},
					{
						"id": 2,
						"stars": 3
					},
					{
						"id": 4,
						"stars": 3
					},
					{
						"id": 5,
						"stars": 3
					},
					{
						"id": 6,
						"stars": 3
					},
					{
						"id": 7,
						"stars": 1
					}
				],
				"online": [
					{
						"id": 16,
						"stars": 3
					}
				]
			},
			"userId": "0fced8c2-3404-4bc3-bc19-7c656873d081",
			"email": "wario@gmail.com",
			"likedLevels": [
				16,
				5,
				9
			],
			"dislikedLevels": [
				6,
				23
			]
		}
	}
]