{"id":10,"userId":"","type": "Main","maximumMoves":40,"rating":null,"score":70000,"initialItems":[{"type":"Candy","color":"Yellow"},{"type":"Candy","color":"Blue"},{"type":"Candy","color":"Red"},{"type":"Candy","color":"Yellow"},{"type":"SuperCandy","color":"Blue"},{"type":"Candy","color":"Yellow"},{"type":"Candy","color":"Blue"},{"type":"Candy","color":"Red"},{"type":"Candy","color":"Yellow"},{"type":"Candy","color":"Green"},{"type":"Candy","color":"Red"},{"type":"Candy","color":"Red"},{"type":"Candy","color":"Purple"},{"type":"Candy","color":"Yellow"},{"type":"Candy","color":"Orange"},{"type":"Candy","color":"Green"},{"type":"Candy","color":"Purple"},{"type":"Candy","color":"Yellow"},{"type":"Candy","color":"Green"},{"type":"Candy","color":"Blue"},{"type":"Candy","color":"Orange"},{"type":"Candy","color":"Red"},{"type":"Candy","color":"Blue"},{"type":"Candy","color":"Green"},{"type":"Candy","color":"Purple"},{"type":"Candy","color":"Purple"},{"type":"Candy","color":"Red"},null,{"type":"Candy","color":"Purple"},{"type":"Candy","color":"Blue"},{"type":"Candy","color":"Blue"},{"type":"Candy","color":"Green"},{"type":"Candy","color":"Purple"},{"type":"Candy","color":"Blue"},{"type":"Candy","color":"Orange"},null,{"type":"Candy","color":"Red"},{"type":"Candy","color":"Red"},{"type":"Candy","color":"Orange"},{"type":"Candy","color":"Orange"},{"type":"Candy","color":"Green"},{"type":"Candy","color":"Purple"},{"type":"Candy","color":"Red"},{"type":"Candy","color":"Orange"},{"type":"Candy","color":"Blue"},{"type":"Candy","color":"Orange"},{"type":"Candy","color":"Green"},{"type":"Candy","color":"Red"},{"type":"Candy","color":"Purple"},null,{"type":"Candy","color":"Orange"},{"type":"Candy","color":"Purple"},{"type":"Candy","color":"Red"},{"type":"Candy","color":"Blue"},{"type":"Candy","color":"Yellow"},{"type":"Candy","color":"Green"},{"type":"Candy","color":"Orange"},{"type":"Candy","color":"Yellow"},{"type":"Candy","color":"Green"},{"type":"Candy","color":"Purple"},{"type":"Candy","color":"Purple"},{"type":"Candy","color":"Yellow"},{"type":"Candy","color":"Orange"},{"type":"Candy","color":"Purple"},{"type":"Candy","color":"Yellow"},{"type":"Candy","color":"Orange"},{"type":"SuperCandy","color":"Green"},{"type":"Candy","color":"Purple"},{"type":"Candy","color":"Blue"},{"type":"Candy","color":"Green"},{"type":"Candy","color":"Yellow"},{"type":"Candy","color":"Blue"},{"type":"Candy","color":"Purple"},{"type":"Candy","color":"Red"},{"type":"Candy","color":"Yellow"},{"type":"Candy","color":"Purple"},{"type":"Candy","color":"Purple"},{"type":"Candy","color":"Green"},{"type":"Candy","color":"Purple"},{"type":"Candy","color":"Purple"},{"type":"Candy","color":"Yellow"}],"initialTiles":[{"type":"Normal"},{"type":"Normal"},{"type":"Normal"},{"type":"Normal"},{"type":"Normal"},{"type":"Normal"},{"type":"Normal"},{"type":"Normal"},{"type":"Normal"},{"type":"Normal"},{"type":"Normal"},{"type":"Normal"},{"type":"Normal"},{"type":"Normal"},{"type":"Normal"},{"type":"Normal"},{"type":"Normal"},{"type":"Normal"},{"type":"Normal"},{"type":"Normal"},{"type":"Normal"},{"type":"Normal"},{"type":"Normal"},{"type":"Normal"},{"type":"Normal"},{"type":"Normal"},{"type":"Normal"},null,{"type":"Normal"},{"type":"Normal"},{"type":"Ice"},{"type":"Ice"},{"type":"Ice"},{"type":"Normal"},{"type":"Normal"},null,{"type":"Normal"},{"type":"Normal"},{"type":"Ice"},{"type":"Ice"},{"type":"Ice"},{"type":"Ice"},{"type":"Ice"},{"type":"Normal"},{"type":"Normal"},{"type":"Ice"},{"type":"Ice"},{"type":"Ice"},{"type":"Ice"},null,{"type":"Ice"},{"type":"Ice"},{"type":"Ice"},{"type":"Ice"},{"type":"Ice"},{"type":"Ice"},{"type":"Ice"},{"type":"Ice"},{"type":"Ice"},{"type":"Ice"},{"type":"Ice"},{"type":"Ice"},{"type":"Ice"},{"type":"Normal"},{"type":"Ice"},{"type":"Ice"},{"type":"Ice"},{"type":"Ice"},{"type":"Ice"},{"type":"Ice"},{"type":"Ice"},{"type":"Normal"},{"type":"Normal"},{"type":"Ice"},{"type":"Ice"},{"type":"Ice"},{"type":"Ice"},{"type":"Ice"},{"type":"Ice"},{"type":"Ice"},{"type":"Normal"}],"tasks":{"iceTiles":34,"rockTiles":0,"iceCreams":0}}