{"id":16,"userId":"","type": "Main","maximumMoves":30,"rating":null,"score":70000,"initialItems":[{"type":"Candy","color":"Green"},{"type":"Candy","color":"Blue"},{"type":"Candy","color":"Blue"},{"type":"Candy","color":"Red"},null,{"type":"Candy","color":"Red"},{"type":"Candy","color":"Yellow"},{"type":"Candy","color":"Blue"},{"type":"Candy","color":"Blue"},{"type":"Candy","color":"Green"},{"type":"Candy","color":"Green"},{"type":"Candy","color":"Green"},{"type":"Candy","color":"Red"},null,{"type":"Candy","color":"Blue"},{"type":"Candy","color":"Red"},{"type":"Candy","color":"Red"},{"type":"Candy","color":"Green"},{"type":"Candy","color":"Blue"},{"type":"Candy","color":"Red"},{"type":"Candy","color":"Green"},{"type":"Candy","color":"Yellow"},null,{"type":"Candy","color":"Red"},{"type":"Candy","color":"Yellow"},{"type":"Candy","color":"Red"},{"type":"Candy","color":"Yellow"},{"type":"Candy","color":"Yellow"},{"type":"Candy","color":"Yellow"},{"type":"Candy","color":"Red"},{"type":"Candy","color":"Yellow"},null,{"type":"Candy","color":"Yellow"},{"type":"Candy","color":"Blue"},{"type":"Candy","color":"Yellow"},{"type":"Candy","color":"Green"},{"type":"Candy","color":"Red"},{"type":"Candy","color":"Yellow"},{"type":"Candy","color":"Red"},{"type":"Candy","color":"Red"},null,{"type":"Candy","color":"Yellow"},{"type":"Candy","color":"Red"},{"type":"Candy","color":"Red"},{"type":"Candy","color":"Yellow"},{"type":"Candy","color":"Green"},{"type":"Candy","color":"Red"},{"type":"Candy","color":"Green"},{"type":"Candy","color":"Blue"},null,{"type":"Candy","color":"Green"},{"type":"Candy","color":"Yellow"},{"type":"Candy","color":"Red"},{"type":"Candy","color":"Red"},{"type":"Candy","color":"Blue"},{"type":"Candy","color":"Blue"},{"type":"Candy","color":"Green"},{"type":"Candy","color":"Yellow"},null,{"type":"Candy","color":"Blue"},{"type":"Candy","color":"Yellow"},{"type":"Candy","color":"Green"},{"type":"Candy","color":"Blue"},{"type":"Candy","color":"Blue"},{"type":"Candy","color":"Green"},{"type":"Candy","color":"Red"},{"type":"Candy","color":"Green"},null,{"type":"Candy","color":"Blue"},{"type":"Candy","color":"Red"},{"type":"Candy","color":"Blue"},{"type":"Candy","color":"Blue"},{"type":"Candy","color":"Red"},{"type":"Candy","color":"Green"},{"type":"Candy","color":"Green"},{"type":"Candy","color":"Red"},null,{"type":"Candy","color":"Green"},{"type":"Candy","color":"Red"},{"type":"Candy","color":"Green"},{"type":"Candy","color":"Green"}],"initialTiles":[{"type":"Ice"},{"type":"Ice"},{"type":"Ice"},{"type":"Ice"},null,{"type":"Ice"},{"type":"Ice"},{"type":"Ice"},{"type":"Ice"},{"type":"Ice"},{"type":"Ice"},{"type":"Ice"},{"type":"Ice"},null,{"type":"Ice"},{"type":"Ice"},{"type":"Ice"},{"type":"Ice"},{"type":"Ice"},{"type":"Ice"},{"type":"Ice"},{"type":"Ice"},null,{"type":"Ice"},{"type":"Ice"},{"type":"Ice"},{"type":"Ice"},{"type":"Ice"},{"type":"Ice"},{"type":"Ice"},{"type":"Ice"},null,{"type":"Ice"},{"type":"Ice"},{"type":"Ice"},{"type":"Ice"},{"type":"Ice"},{"type":"Ice"},{"type":"Ice"},{"type":"Ice"},null,{"type":"Ice"},{"type":"Ice"},{"type":"Ice"},{"type":"Ice"},{"type":"Ice"},{"type":"Ice"},{"type":"Ice"},{"type":"Ice"},null,{"type":"Ice"},{"type":"Ice"},{"type":"Ice"},{"type":"Ice"},{"type":"Ice"},{"type":"Ice"},{"type":"Ice"},{"type":"Ice"},null,{"type":"Ice"},{"type":"Ice"},{"type":"Ice"},{"type":"Ice"},{"type":"Ice"},{"type":"Ice"},{"type":"Ice"},{"type":"Ice"},null,{"type":"Ice"},{"type":"Ice"},{"type":"Ice"},{"type":"Ice"},{"type":"Ice"},{"type":"Ice"},{"type":"Ice"},{"type":"Ice"},null,{"type":"Ice"},{"type":"Ice"},{"type":"Ice"},{"type":"Ice"}],"tasks":{"iceTiles":64,"rockTiles":0,"iceCreams":0}}