{"id":21,"userId":"","type": "Main","maximumMoves":15,"rating":null,"score":27000,"initialItems":[{"type":"Candy","color":"Purple"},{"type":"Candy","color":"Red"},{"type":"Candy","color":"Purple"},{"type":"Candy","color":"Orange"},{"type":"Candy","color":"Yellow"},{"type":"Candy","color":"Green"},{"type":"Candy","color":"Red"},{"type":"Candy","color":"Yellow"},{"type":"Candy","color":"Orange"},{"type":"Candy","color":"Yellow"},{"type":"Candy","color":"Orange"},{"type":"Candy","color":"Red"},{"type":"Candy","color":"Blue"},{"type":"Candy","color":"Orange"},{"type":"Candy","color":"Purple"},{"type":"Candy","color":"Yellow"},{"type":"Candy","color":"Red"},{"type":"Candy","color":"Purple"},{"type":"Candy","color":"Red"},{"type":"Candy","color":"Purple"},{"type":"Candy","color":"Blue"},{"type":"Candy","color":"Yellow"},{"type":"Candy","color":"Orange"},{"type":"Candy","color":"Yellow"},{"type":"Candy","color":"Orange"},{"type":"Candy","color":"Purple"},{"type":"Candy","color":"Blue"},{"type":"Candy","color":"Green"},{"type":"Candy","color":"Blue"},{"type":"Candy","color":"Orange"},{"type":"Candy","color":"Orange"},{"type":"Candy","color":"Red"},{"type":"Candy","color":"Purple"},{"type":"Candy","color":"Red"},{"type":"Candy","color":"Orange"},{"type":"Candy","color":"Orange"},{"type":"Candy","color":"Orange"},{"type":"Candy","color":"Yellow"},{"type":"Candy","color":"Purple"},{"type":"Candy","color":"Red"},{"type":"Candy","color":"Purple"},{"type":"Candy","color":"Red"},{"type":"Candy","color":"Orange"},{"type":"Candy","color":"Yellow"},{"type":"Candy","color":"Purple"},{"type":"Candy","color":"Green"},{"type":"Candy","color":"Red"},{"type":"Candy","color":"Purple"},{"type":"Candy","color":"Red"},{"type":"Candy","color":"Red"},{"type":"Candy","color":"Orange"},{"type":"Candy","color":"Orange"},{"type":"Candy","color":"Yellow"},{"type":"Candy","color":"Orange"},{"type":"Candy","color":"Yellow"},{"type":"Candy","color":"Orange"},{"type":"Candy","color":"Yellow"},{"type":"Candy","color":"Blue"},{"type":"Candy","color":"Orange"},{"type":"Candy","color":"Yellow"},{"type":"Candy","color":"Purple"},{"type":"Candy","color":"Green"},{"type":"Candy","color":"Yellow"},{"type":"Candy","color":"Orange"},{"type":"Candy","color":"Red"},{"type":"Candy","color":"Blue"},{"type":"Candy","color":"Green"},{"type":"Candy","color":"Orange"},{"type":"Candy","color":"Purple"},{"type":"Candy","color":"Red"},{"type":"Candy","color":"Yellow"},{"type":"Candy","color":"Orange"},{"type":"Candy","color":"Green"},{"type":"Candy","color":"Purple"},{"type":"Candy","color":"Blue"},{"type":"Candy","color":"Red"},{"type":"Candy","color":"Green"},{"type":"Candy","color":"Yellow"},{"type":"Candy","color":"Green"},{"type":"Candy","color":"Blue"},{"type":"Candy","color":"Blue"}],"initialTiles":[{"type":"Normal"},{"type":"Normal"},{"type":"Normal"},{"type":"Normal"},{"type":"Normal"},{"type":"Normal"},{"type":"Normal"},{"type":"Normal"},{"type":"Normal"},{"type":"Normal"},{"type":"Normal"},{"type":"Normal"},{"type":"Normal"},{"type":"Normal"},{"type":"Normal"},{"type":"Normal"},{"type":"Normal"},{"type":"Normal"},{"type":"Normal"},{"type":"Normal"},{"type":"Normal"},{"type":"Normal"},{"type":"Normal"},{"type":"Normal"},{"type":"Normal"},{"type":"Normal"},{"type":"Normal"},{"type":"Normal"},{"type":"Normal"},{"type":"Normal"},{"type":"Normal"},{"type":"Normal"},{"type":"Normal"},{"type":"Normal"},{"type":"Normal"},{"type":"Normal"},{"type":"Normal"},{"type":"Normal"},{"type":"Normal"},{"type":"Normal"},{"type":"Normal"},{"type":"Normal"},{"type":"Normal"},{"type":"Normal"},{"type":"Normal"},{"type":"Rock"},{"type":"Rock"},{"type":"Normal"},{"type":"Normal"},{"type":"Normal"},{"type":"Normal"},{"type":"Normal"},{"type":"Rock"},{"type":"Rock"},{"type":"Rock"},{"type":"Rock"},{"type":"Rock"},{"type":"Rock"},{"type":"Rock"},{"type":"Rock"},{"type":"Rock"},{"type":"Rock"},{"type":"Rock"},{"type":"Rock"},{"type":"Rock"},{"type":"Rock"},{"type":"Rock"},{"type":"Rock"},{"type":"Rock"},{"type":"Rock"},{"type":"Rock"},{"type":"Rock"},{"type":"Normal"},{"type":"Normal"},{"type":"Rock"},{"type":"Rock"},{"type":"Rock"},{"type":"Rock"},{"type":"Rock"},{"type":"Normal"},{"type":"Normal"}],"tasks":{"iceTiles":0,"rockTiles":24,"iceCreams":0}}