{"id":32,"userId":"","type": "Main","maximumMoves":26,"rating":null,"score":25000,"initialItems":[null,{"type":"Candy","color":"Red"},null,{"type":"Candy","color":"Red"},null,{"type":"Candy","color":"Red"},null,{"type":"Candy","color":"Green"},null,null,{"type":"Candy","color":"Red"},null,{"type":"Candy","color":"Blue"},null,{"type":"Candy","color":"Red"},null,{"type":"Candy","color":"Green"},null,null,{"type":"Candy","color":"Blue"},null,{"type":"Candy","color":"Blue"},null,{"type":"Candy","color":"Blue"},null,{"type":"Candy","color":"Blue"},null,null,null,{"type":"Candy","color":"Green"},null,{"type":"Candy","color":"Green"},null,{"type":"Candy","color":"Green"},null,null,null,null,{"type":"Candy","color":"Green"},null,{"type":"Candy","color":"Red"},null,{"type":"Candy","color":"Green"},null,null,null,null,{"type":"Candy","color":"Green"},null,{"type":"Candy","color":"Red"},null,{"type":"Candy","color":"Blue"},null,null,{"type":"Candy","color":"Green"},{"type":"Candy","color":"Red"},{"type":"Candy","color":"Green"},{"type":"Candy","color":"Green"},{"type":"Candy","color":"Blue"},{"type":"Candy","color":"Blue"},{"type":"Candy","color":"Red"},{"type":"Candy","color":"Green"},{"type":"Candy","color":"Red"},{"type":"Candy","color":"Red"},{"type":"Candy","color":"Green"},{"type":"Candy","color":"Red"},{"type":"Candy","color":"Red"},{"type":"Candy","color":"Green"},{"type":"Candy","color":"Green"},{"type":"Candy","color":"Red"},{"type":"Candy","color":"Blue"},{"type":"Candy","color":"Green"},{"type":"Candy","color":"Green"},{"type":"Candy","color":"Red"},{"type":"Candy","color":"Red"},{"type":"Candy","color":"Green"},{"type":"Candy","color":"Blue"},{"type":"Candy","color":"Green"},{"type":"Candy","color":"Green"},{"type":"Candy","color":"Blue"},{"type":"Candy","color":"Blue"}],"initialTiles":[null,{"type":"Normal"},null,{"type":"Normal"},null,{"type":"Normal"},null,{"type":"Normal"},null,null,{"type":"Normal"},null,{"type":"Normal"},null,{"type":"Normal"},null,{"type":"Normal"},null,null,{"type":"Normal"},null,{"type":"Normal"},null,{"type":"Normal"},null,{"type":"Normal"},null,null,null,{"type":"Normal"},null,{"type":"Normal"},null,{"type":"Normal"},null,null,null,null,{"type":"Ice"},null,{"type":"Ice"},null,{"type":"Ice"},null,null,null,null,{"type":"Ice"},null,{"type":"Ice"},null,{"type":"Ice"},null,null,{"type":"Normal"},{"type":"Normal"},{"type":"Normal"},{"type":"Normal"},{"type":"Normal"},{"type":"Normal"},{"type":"Normal"},{"type":"Normal"},{"type":"Normal"},{"type":"Ice"},{"type":"Ice"},{"type":"Ice"},{"type":"Ice"},{"type":"Ice"},{"type":"Ice"},{"type":"Ice"},{"type":"Ice"},{"type":"Ice"},{"type":"Normal"},{"type":"Normal"},{"type":"Normal"},{"type":"Normal"},{"type":"Normal"},{"type":"Normal"},{"type":"Normal"},{"type":"Normal"},{"type":"Normal"}],"tasks":{"iceTiles":12,"rockTiles":0,"iceCreams":0}}