{"id":33,"userId":"","type": "Main","maximumMoves":16,"rating":null,"score":39000,"initialItems":[null,null,null,{"type":"Candy","color":"Red"},{"type":"Candy","color":"Orange"},{"type":"Candy","color":"Orange"},null,null,null,null,null,{"type":"Candy","color":"Green"},{"type":"Candy","color":"Blue"},{"type":"Candy","color":"Blue"},{"type":"Candy","color":"Yellow"},{"type":"Candy","color":"Blue"},null,null,null,{"type":"Candy","color":"Red"},{"type":"Candy","color":"Yellow"},{"type":"Candy","color":"Orange"},{"type":"Candy","color":"Red"},{"type":"Candy","color":"Green"},{"type":"Candy","color":"Green"},{"type":"Candy","color":"Blue"},null,{"type":"Candy","color":"Green"},{"type":"Candy","color":"Red"},{"type":"Candy","color":"Yellow"},{"type":"Candy","color":"Orange"},{"type":"Candy","color":"Red"},{"type":"Candy","color":"Blue"},{"type":"Candy","color":"Red"},{"type":"Candy","color":"Green"},{"type":"Candy","color":"Orange"},{"type":"Candy","color":"Green"},{"type":"Candy","color":"Blue"},{"type":"Candy","color":"Blue"},{"type":"Candy","color":"Green"},{"type":"Chocolate"},{"type":"Candy","color":"Green"},{"type":"Candy","color":"Blue"},{"type":"Candy","color":"Red"},{"type":"Candy","color":"Blue"},{"type":"Candy","color":"Red"},{"type":"Candy","color":"Yellow"},{"type":"Candy","color":"Yellow"},{"type":"Candy","color":"Green"},{"type":"Candy","color":"Orange"},{"type":"Candy","color":"Green"},{"type":"Candy","color":"Yellow"},{"type":"Candy","color":"Yellow"},{"type":"Candy","color":"Orange"},null,{"type":"Candy","color":"Blue"},{"type":"Candy","color":"Orange"},{"type":"Candy","color":"Yellow"},{"type":"Candy","color":"Orange"},{"type":"Candy","color":"Yellow"},{"type":"Candy","color":"Green"},{"type":"Candy","color":"Yellow"},null,null,null,{"type":"Candy","color":"Green"},{"type":"Candy","color":"Orange"},{"type":"Candy","color":"Blue"},{"type":"Candy","color":"Orange"},{"type":"Candy","color":"Yellow"},null,null,null,null,null,{"type":"Candy","color":"Blue"},{"type":"Candy","color":"Red"},{"type":"Candy","color":"Red"},null,null,null],"initialTiles":[null,null,null,{"type":"Normal"},{"type":"Normal"},{"type":"Normal"},null,null,null,null,null,{"type":"Normal"},{"type":"Normal"},{"type":"Normal"},{"type":"Normal"},{"type":"Normal"},null,null,null,{"type":"Normal"},{"type":"Normal"},{"type":"Rock"},{"type":"Rock"},{"type":"Rock"},{"type":"Normal"},{"type":"Normal"},null,{"type":"Normal"},{"type":"Normal"},{"type":"Rock"},{"type":"Rock"},{"type":"Rock"},{"type":"Rock"},{"type":"Rock"},{"type":"Normal"},{"type":"Normal"},{"type":"Normal"},{"type":"Normal"},{"type":"Rock"},{"type":"Rock"},{"type":"Rock"},{"type":"Rock"},{"type":"Rock"},{"type":"Normal"},{"type":"Normal"},{"type":"Normal"},{"type":"Normal"},{"type":"Rock"},{"type":"Rock"},{"type":"Rock"},{"type":"Rock"},{"type":"Rock"},{"type":"Normal"},{"type":"Normal"},null,{"type":"Normal"},{"type":"Normal"},{"type":"Rock"},{"type":"Rock"},{"type":"Rock"},{"type":"Normal"},{"type":"Normal"},null,null,null,{"type":"Normal"},{"type":"Normal"},{"type":"Normal"},{"type":"Normal"},{"type":"Normal"},null,null,null,null,null,{"type":"Normal"},{"type":"Normal"},{"type":"Normal"},null,null,null],"tasks":{"iceTiles":0,"rockTiles":21,"iceCreams":0}}