{"id":36,"userId":"","type": "Main","maximumMoves":30,"rating":null,"score":56500,"initialItems":[{"type":"Candy","color":"Purple"},{"type":"Candy","color":"Green"},{"type":"Candy","color":"Blue"},{"type":"Candy","color":"Blue"},{"type":"Candy","color":"Orange"},{"type":"Candy","color":"Green"},{"type":"Candy","color":"Green"},{"type":"Candy","color":"Orange"},{"type":"Candy","color":"Red"},null,{"type":"Candy","color":"Purple"},{"type":"Candy","color":"Blue"},{"type":"Candy","color":"Red"},null,{"type":"Candy","color":"Red"},{"type":"Candy","color":"Orange"},{"type":"Candy","color":"Red"},null,{"type":"Candy","color":"Blue"},{"type":"Candy","color":"Green"},{"type":"Candy","color":"Yellow"},{"type":"Candy","color":"Orange"},{"type":"Candy","color":"Orange"},{"type":"Candy","color":"Green"},{"type":"Candy","color":"Blue"},{"type":"Candy","color":"Purple"},{"type":"Candy","color":"Green"},{"type":"Candy","color":"Blue"},{"type":"Candy","color":"Orange"},{"type":"Candy","color":"Yellow"},{"type":"Candy","color":"Purple"},null,{"type":"Candy","color":"Blue"},{"type":"Candy","color":"Red"},{"type":"Candy","color":"Purple"},{"type":"Candy","color":"Red"},{"type":"Candy","color":"Green"},{"type":"Candy","color":"Green"},{"type":"Candy","color":"Orange"},{"type":"Candy","color":"Red"},null,{"type":"Candy","color":"Green"},{"type":"Candy","color":"Yellow"},{"type":"Candy","color":"Yellow"},{"type":"Candy","color":"Orange"},{"type":"Candy","color":"Orange"},{"type":"Candy","color":"Orange"},{"type":"Candy","color":"Yellow"},{"type":"Candy","color":"Green"},null,{"type":"Candy","color":"Red"},{"type":"Candy","color":"Blue"},{"type":"Candy","color":"Purple"},{"type":"Candy","color":"Purple"},{"type":"Candy","color":"Yellow"},{"type":"Candy","color":"Red"},{"type":"Candy","color":"Yellow"},{"type":"Candy","color":"Purple"},{"type":"Candy","color":"Red"},{"type":"Candy","color":"Yellow"},{"type":"Candy","color":"Green"},{"type":"Candy","color":"Yellow"},{"type":"Candy","color":"Green"},null,{"type":"Candy","color":"Yellow"},{"type":"Candy","color":"Blue"},{"type":"Candy","color":"Blue"},null,{"type":"Candy","color":"Green"},{"type":"Candy","color":"Red"},{"type":"Candy","color":"Red"},null,{"type":"SuperCandy","color":"Green"},{"type":"Candy","color":"Red"},{"type":"Candy","color":"Orange"},{"type":"Candy","color":"Yellow"},{"type":"Chocolate"},{"type":"Candy","color":"Green"},{"type":"Candy","color":"Purple"},{"type":"Candy","color":"Purple"},{"type":"SuperCandy","color":"Blue"}],"initialTiles":[{"type":"Normal"},{"type":"Ice"},{"type":"Ice"},{"type":"Ice"},{"type":"Normal"},{"type":"Ice"},{"type":"Ice"},{"type":"Ice"},{"type":"Normal"},null,{"type":"Ice"},{"type":"Ice"},{"type":"Ice"},null,{"type":"Ice"},{"type":"Ice"},{"type":"Ice"},null,{"type":"Normal"},{"type":"Ice"},{"type":"Ice"},{"type":"Ice"},{"type":"Normal"},{"type":"Ice"},{"type":"Ice"},{"type":"Ice"},{"type":"Normal"},{"type":"Normal"},{"type":"Ice"},{"type":"Ice"},{"type":"Ice"},null,{"type":"Ice"},{"type":"Ice"},{"type":"Ice"},{"type":"Normal"},{"type":"Normal"},{"type":"Ice"},{"type":"Ice"},{"type":"Ice"},null,{"type":"Ice"},{"type":"Ice"},{"type":"Ice"},{"type":"Normal"},{"type":"Normal"},{"type":"Ice"},{"type":"Ice"},{"type":"Ice"},null,{"type":"Ice"},{"type":"Ice"},{"type":"Ice"},{"type":"Normal"},{"type":"Normal"},{"type":"Ice"},{"type":"Ice"},{"type":"Ice"},{"type":"Normal"},{"type":"Ice"},{"type":"Ice"},{"type":"Ice"},{"type":"Normal"},null,{"type":"Ice"},{"type":"Ice"},{"type":"Ice"},null,{"type":"Ice"},{"type":"Ice"},{"type":"Ice"},null,{"type":"Normal"},{"type":"Ice"},{"type":"Ice"},{"type":"Ice"},{"type":"Rock"},{"type":"Ice"},{"type":"Ice"},{"type":"Ice"},{"type":"Normal"}],"tasks":{"iceTiles":54,"rockTiles":0,"iceCreams":0}}