{"id":37,"userId":"","type": "Main","maximumMoves":20,"rating":null,"score":41000,"initialItems":[{"type":"Candy","color":"Red"},{"type":"Candy","color":"Yellow"},{"type":"Candy","color":"Orange"},{"type":"Candy","color":"Red"},{"type":"Candy","color":"Orange"},{"type":"Candy","color":"Yellow"},{"type":"Candy","color":"Blue"},{"type":"Candy","color":"Purple"},{"type":"Candy","color":"Blue"},{"type":"Candy","color":"Red"},{"type":"Candy","color":"Blue"},{"type":"Candy","color":"Blue"},{"type":"Candy","color":"Yellow"},{"type":"Candy","color":"Yellow"},{"type":"Candy","color":"Orange"},{"type":"Candy","color":"Purple"},{"type":"Candy","color":"Red"},{"type":"Candy","color":"Purple"},{"type":"Candy","color":"Purple"},{"type":"Candy","color":"Blue"},{"type":"Candy","color":"Blue"},{"type":"Candy","color":"Orange"},{"type":"Candy","color":"Red"},{"type":"Candy","color":"Blue"},{"type":"Candy","color":"Orange"},{"type":"Candy","color":"Red"},{"type":"Candy","color":"Blue"},{"type":"Candy","color":"Yellow"},{"type":"Candy","color":"Green"},{"type":"Candy","color":"Green"},{"type":"Candy","color":"Red"},{"type":"IceCream"},{"type":"Candy","color":"Yellow"},{"type":"Candy","color":"Green"},{"type":"Candy","color":"Orange"},{"type":"Candy","color":"Purple"},{"type":"Candy","color":"Orange"},{"type":"Candy","color":"Red"},{"type":"Candy","color":"Orange"},{"type":"Candy","color":"Purple"},{"type":"Candy","color":"Orange"},{"type":"Candy","color":"Green"},{"type":"Candy","color":"Green"},{"type":"Candy","color":"Orange"},{"type":"Candy","color":"Yellow"},{"type":"Candy","color":"Purple"},{"type":"Candy","color":"Yellow"},{"type":"Candy","color":"Purple"},{"type":"Candy","color":"Orange"},{"type":"Candy","color":"Yellow"},{"type":"Candy","color":"Yellow"},{"type":"Candy","color":"Red"},{"type":"Candy","color":"Purple"},{"type":"Candy","color":"Red"},{"type":"Candy","color":"Yellow"},{"type":"Candy","color":"Red"},{"type":"Candy","color":"Purple"},{"type":"Candy","color":"Blue"},{"type":"Chocolate"},{"type":"Candy","color":"Green"},{"type":"Candy","color":"Purple"},{"type":"Candy","color":"Yellow"},{"type":"Candy","color":"Red"},{"type":"Candy","color":"Yellow"},{"type":"Candy","color":"Orange"},{"type":"Candy","color":"Orange"},{"type":"Candy","color":"Yellow"},{"type":"Candy","color":"Yellow"},{"type":"Candy","color":"Green"},{"type":"Candy","color":"Orange"},{"type":"Candy","color":"Red"},{"type":"Candy","color":"Orange"},{"type":"SuperCandy","color":"Green"},{"type":"Candy","color":"Green"},{"type":"Candy","color":"Red"},{"type":"Candy","color":"Yellow"},{"type":"Candy","color":"Orange"},{"type":"Candy","color":"Red"},{"type":"Candy","color":"Orange"},{"type":"Candy","color":"Green"},{"type":"SuperCandy","color":"Yellow"}],"initialTiles":[{"type":"Normal"},{"type":"Normal"},{"type":"Normal"},{"type":"Normal"},{"type":"Normal"},{"type":"Normal"},{"type":"Normal"},{"type":"Normal"},{"type":"Normal"},{"type":"Normal"},{"type":"Normal"},{"type":"Normal"},{"type":"Normal"},{"type":"Normal"},{"type":"Normal"},{"type":"Normal"},{"type":"Normal"},{"type":"Normal"},{"type":"Normal"},{"type":"Normal"},{"type":"Normal"},{"type":"Normal"},{"type":"Normal"},{"type":"Normal"},{"type":"Normal"},{"type":"Normal"},{"type":"Normal"},{"type":"Normal"},{"type":"Normal"},{"type":"Normal"},{"type":"Normal"},{"type":"Normal"},{"type":"Normal"},{"type":"Normal"},{"type":"Normal"},{"type":"Normal"},{"type":"Ice"},{"type":"Ice"},{"type":"Ice"},{"type":"Ice"},{"type":"Ice"},{"type":"Ice"},{"type":"Ice"},{"type":"Ice"},{"type":"Ice"},{"type":"Rock"},{"type":"Rock"},{"type":"Rock"},{"type":"Rock"},{"type":"Rock"},{"type":"Rock"},{"type":"Rock"},{"type":"Rock"},{"type":"Rock"},{"type":"Rock"},{"type":"Rock"},{"type":"Rock"},{"type":"Rock"},{"type":"Rock"},{"type":"Rock"},{"type":"Rock"},{"type":"Rock"},{"type":"Rock"},{"type":"Ice"},{"type":"Ice"},{"type":"Ice"},{"type":"Ice"},{"type":"Ice"},{"type":"Ice"},{"type":"Ice"},{"type":"Ice"},{"type":"Ice"},{"type":"Normal"},{"type":"Normal"},{"type":"Normal"},{"type":"Normal"},{"type":"Normal"},{"type":"Normal"},{"type":"Normal"},{"type":"Normal"},{"type":"Normal"}],"tasks":{"iceTiles":15,"rockTiles":15,"iceCreams":1}}