{"id":42,"userId":"","type": "Main","maximumMoves":18,"rating":null,"score":28000,"initialItems":[null,{"type":"Candy","color":"Yellow"},{"type":"Candy","color":"Red"},{"type":"Candy","color":"Yellow"},{"type":"Candy","color":"Yellow"},{"type":"Candy","color":"Blue"},{"type":"Candy","color":"Green"},{"type":"IceCream"},null,{"type":"Candy","color":"Yellow"},{"type":"Candy","color":"Purple"},{"type":"Candy","color":"Blue"},{"type":"Candy","color":"Red"},{"type":"Candy","color":"Purple"},{"type":"Candy","color":"Orange"},{"type":"Candy","color":"Red"},{"type":"Candy","color":"Green"},{"type":"Candy","color":"Yellow"},{"type":"Candy","color":"Orange"},{"type":"Candy","color":"Yellow"},{"type":"Candy","color":"Green"},{"type":"Candy","color":"Orange"},{"type":"Candy","color":"Green"},{"type":"Candy","color":"Red"},{"type":"Candy","color":"Yellow"},{"type":"Candy","color":"Blue"},{"type":"Candy","color":"Green"},{"type":"Candy","color":"Purple"},{"type":"Candy","color":"Green"},{"type":"Candy","color":"Red"},{"type":"Candy","color":"Red"},{"type":"Candy","color":"Green"},{"type":"Candy","color":"Yellow"},{"type":"Candy","color":"Yellow"},{"type":"Candy","color":"Blue"},{"type":"Candy","color":"Blue"},{"type":"Candy","color":"Red"},{"type":"Candy","color":"Yellow"},{"type":"Candy","color":"Blue"},{"type":"Candy","color":"Red"},{"type":"Candy","color":"Orange"},{"type":"Candy","color":"Yellow"},{"type":"Candy","color":"Green"},{"type":"Candy","color":"Yellow"},{"type":"Candy","color":"Blue"},{"type":"Candy","color":"Red"},{"type":"Candy","color":"Blue"},{"type":"Candy","color":"Green"},{"type":"Candy","color":"Orange"},{"type":"Candy","color":"Purple"},{"type":"Candy","color":"Green"},{"type":"Candy","color":"Purple"},{"type":"Candy","color":"Green"},{"type":"Candy","color":"Purple"},{"type":"Candy","color":"Blue"},{"type":"Candy","color":"Purple"},{"type":"Candy","color":"Red"},{"type":"Candy","color":"Purple"},{"type":"Candy","color":"Purple"},{"type":"Candy","color":"Green"},{"type":"Candy","color":"Blue"},{"type":"Candy","color":"Yellow"},{"type":"Candy","color":"Green"},{"type":"Candy","color":"Blue"},{"type":"Candy","color":"Yellow"},{"type":"Candy","color":"Green"},{"type":"Candy","color":"Blue"},{"type":"Candy","color":"Yellow"},{"type":"Candy","color":"Purple"},{"type":"Candy","color":"Orange"},{"type":"Candy","color":"Orange"},{"type":"Candy","color":"Blue"},{"type":"Candy","color":"Purple"},{"type":"Candy","color":"Blue"},{"type":"Candy","color":"Red"},{"type":"Candy","color":"Blue"},{"type":"Candy","color":"Yellow"},{"type":"Candy","color":"Red"},{"type":"Candy","color":"Green"},{"type":"Candy","color":"Green"},{"type":"Candy","color":"Orange"}],"initialTiles":[null,{"type":"Normal"},{"type":"Normal"},{"type":"Normal"},{"type":"Normal"},{"type":"Normal"},{"type":"Normal"},{"type":"Normal"},null,{"type":"Normal"},{"type":"Normal"},{"type":"Normal"},{"type":"Normal"},{"type":"Normal"},{"type":"Normal"},{"type":"Normal"},{"type":"Normal"},{"type":"Normal"},{"type":"Rock"},{"type":"Normal"},{"type":"Normal"},{"type":"Normal"},{"type":"Normal"},{"type":"Normal"},{"type":"Normal"},{"type":"Normal"},{"type":"Rock"},{"type":"Normal"},{"type":"Rock"},{"type":"Normal"},{"type":"Normal"},{"type":"Normal"},{"type":"Normal"},{"type":"Normal"},{"type":"Rock"},{"type":"Normal"},{"type":"Normal"},{"type":"Normal"},{"type":"Rock"},{"type":"Normal"},{"type":"Normal"},{"type":"Normal"},{"type":"Rock"},{"type":"Normal"},{"type":"Normal"},{"type":"Normal"},{"type":"Normal"},{"type":"Normal"},{"type":"Rock"},{"type":"Normal"},{"type":"Rock"},{"type":"Normal"},{"type":"Normal"},{"type":"Normal"},{"type":"Normal"},{"type":"Normal"},{"type":"Normal"},{"type":"Normal"},{"type":"Rock"},{"type":"Normal"},{"type":"Normal"},{"type":"Normal"},{"type":"Normal"},{"type":"Rock"},{"type":"Rock"},{"type":"Rock"},{"type":"Rock"},{"type":"Rock"},{"type":"Rock"},{"type":"Rock"},{"type":"Rock"},{"type":"Rock"},{"type":"Normal"},{"type":"Normal"},{"type":"Normal"},{"type":"Normal"},{"type":"Normal"},{"type":"Normal"},{"type":"Normal"},{"type":"Normal"},{"type":"Normal"}],"tasks":{"iceTiles":0,"rockTiles":16,"iceCreams":1}}