{"id":45,"userId":"","type": "Main","maximumMoves":20,"rating":null,"score":27000,"initialItems":[{"type":"Candy","color":"Blue"},{"type":"Candy","color":"Yellow"},{"type":"Candy","color":"Purple"},{"type":"Candy","color":"Red"},{"type":"Candy","color":"Green"},{"type":"Candy","color":"Yellow"},{"type":"Candy","color":"Blue"},{"type":"Candy","color":"Purple"},{"type":"Candy","color":"Green"},{"type":"Candy","color":"Orange"},{"type":"Candy","color":"Red"},{"type":"Candy","color":"Red"},{"type":"Candy","color":"Orange"},{"type":"Candy","color":"Red"},{"type":"Candy","color":"Purple"},{"type":"Candy","color":"Red"},{"type":"Candy","color":"Purple"},{"type":"Candy","color":"Purple"},{"type":"Candy","color":"Purple"},{"type":"Candy","color":"Red"},{"type":"Candy","color":"Red"},{"type":"Candy","color":"Orange"},{"type":"Candy","color":"Purple"},{"type":"Candy","color":"Green"},{"type":"Candy","color":"Purple"},{"type":"Candy","color":"Green"},{"type":"Candy","color":"Green"},{"type":"Candy","color":"Yellow"},{"type":"Candy","color":"Blue"},{"type":"Candy","color":"Purple"},null,null,null,{"type":"Candy","color":"Green"},{"type":"Candy","color":"Orange"},{"type":"Candy","color":"Orange"},{"type":"Candy","color":"Green"},{"type":"Candy","color":"Green"},{"type":"Candy","color":"Blue"},null,{"type":"IceCream"},null,{"type":"Candy","color":"Red"},{"type":"Candy","color":"Orange"},{"type":"Candy","color":"Green"},{"type":"Candy","color":"Yellow"},{"type":"Candy","color":"Yellow"},{"type":"Candy","color":"Red"},null,null,null,{"type":"Candy","color":"Green"},{"type":"Candy","color":"Purple"},{"type":"Candy","color":"Blue"},{"type":"Candy","color":"Purple"},{"type":"Candy","color":"Green"},{"type":"Candy","color":"Red"},{"type":"Candy","color":"Yellow"},{"type":"Candy","color":"Blue"},{"type":"Candy","color":"Blue"},{"type":"Candy","color":"Yellow"},{"type":"Candy","color":"Yellow"},{"type":"Candy","color":"Purple"},{"type":"Candy","color":"Yellow"},{"type":"Candy","color":"Blue"},{"type":"Candy","color":"Purple"},{"type":"Candy","color":"Yellow"},{"type":"Candy","color":"Green"},{"type":"Candy","color":"Orange"},{"type":"Candy","color":"Green"},{"type":"Candy","color":"Yellow"},{"type":"Candy","color":"Yellow"},{"type":"Candy","color":"Orange"},{"type":"Candy","color":"Orange"},{"type":"Candy","color":"Yellow"},{"type":"Candy","color":"Orange"},{"type":"Candy","color":"Purple"},{"type":"Candy","color":"Red"},{"type":"Candy","color":"Green"},{"type":"Candy","color":"Red"},{"type":"Candy","color":"Orange"}],"initialTiles":[{"type":"Rock"},{"type":"Normal"},{"type":"Normal"},{"type":"Normal"},{"type":"Normal"},{"type":"Normal"},{"type":"Normal"},{"type":"Normal"},{"type":"Rock"},{"type":"Rock"},{"type":"Normal"},{"type":"Normal"},{"type":"Normal"},{"type":"Normal"},{"type":"Normal"},{"type":"Normal"},{"type":"Normal"},{"type":"Rock"},{"type":"Rock"},{"type":"Normal"},{"type":"Normal"},{"type":"Normal"},{"type":"Normal"},{"type":"Normal"},{"type":"Normal"},{"type":"Normal"},{"type":"Rock"},{"type":"Rock"},{"type":"Normal"},{"type":"Normal"},null,null,null,{"type":"Normal"},{"type":"Normal"},{"type":"Rock"},{"type":"Rock"},{"type":"Normal"},{"type":"Normal"},null,{"type":"Normal"},null,{"type":"Normal"},{"type":"Normal"},{"type":"Rock"},{"type":"Rock"},{"type":"Normal"},{"type":"Normal"},null,null,null,{"type":"Normal"},{"type":"Normal"},{"type":"Rock"},{"type":"Rock"},{"type":"Normal"},{"type":"Normal"},{"type":"Normal"},{"type":"Normal"},{"type":"Normal"},{"type":"Normal"},{"type":"Normal"},{"type":"Rock"},{"type":"Rock"},{"type":"Normal"},{"type":"Normal"},{"type":"Normal"},{"type":"Normal"},{"type":"Normal"},{"type":"Normal"},{"type":"Normal"},{"type":"Rock"},{"type":"Rock"},{"type":"Normal"},{"type":"Normal"},{"type":"Normal"},{"type":"Normal"},{"type":"Normal"},{"type":"Normal"},{"type":"Normal"},{"type":"Rock"}],"tasks":{"iceTiles":0,"rockTiles":16,"iceCreams":1}}