{"id":6,"userId":"","type": "Main","maximumMoves":10,"rating":null,"score":14000,"initialItems":[null,null,{"type":"Candy","color":"Orange"},{"type":"Candy","color":"Green"},{"type":"Candy","color":"Red"},{"type":"Candy","color":"Red"},{"type":"Candy","color":"Blue"},null,null,null,null,{"type":"Candy","color":"Orange"},{"type":"Candy","color":"Orange"},{"type":"Candy","color":"Yellow"},{"type":"Candy","color":"Orange"},{"type":"Candy","color":"Green"},null,null,null,null,{"type":"Candy","color":"Red"},{"type":"Candy","color":"Red"},{"type":"Candy","color":"Blue"},{"type":"Candy","color":"Red"},{"type":"Candy","color":"Orange"},null,null,null,null,{"type":"Candy","color":"Blue"},{"type":"Candy","color":"Green"},{"type":"Candy","color":"Blue"},{"type":"Candy","color":"Orange"},{"type":"Candy","color":"Green"},null,null,null,null,{"type":"Candy","color":"Blue"},{"type":"Candy","color":"Blue"},{"type":"Candy","color":"Yellow"},{"type":"Candy","color":"Orange"},{"type":"Candy","color":"Red"},null,null,null,null,{"type":"Candy","color":"Yellow"},{"type":"Candy","color":"Orange"},{"type":"Candy","color":"Red"},{"type":"Candy","color":"Yellow"},{"type":"Candy","color":"Blue"},null,null,null,null,{"type":"Candy","color":"Orange"},{"type":"Candy","color":"Red"},{"type":"Candy","color":"Blue"},{"type":"Candy","color":"Yellow"},{"type":"Candy","color":"Orange"},null,null,null,null,{"type":"Candy","color":"Red"},{"type":"Candy","color":"Yellow"},{"type":"Candy","color":"Orange"},{"type":"Candy","color":"Orange"},{"type":"Candy","color":"Yellow"},null,null,null,null,{"type":"Candy","color":"Red"},{"type":"Candy","color":"Green"},{"type":"Candy","color":"Orange"},{"type":"Candy","color":"Orange"},{"type":"Candy","color":"Blue"},null,null],"initialTiles":[null,null,{"type":"Normal"},{"type":"Normal"},{"type":"Normal"},{"type":"Normal"},{"type":"Normal"},null,null,null,null,{"type":"Normal"},{"type":"Ice"},{"type":"Ice"},{"type":"Ice"},{"type":"Normal"},null,null,null,null,{"type":"Normal"},{"type":"Ice"},{"type":"Ice"},{"type":"Ice"},{"type":"Normal"},null,null,null,null,{"type":"Normal"},{"type":"Ice"},{"type":"Ice"},{"type":"Ice"},{"type":"Normal"},null,null,null,null,{"type":"Normal"},{"type":"Ice"},{"type":"Ice"},{"type":"Ice"},{"type":"Normal"},null,null,null,null,{"type":"Normal"},{"type":"Normal"},{"type":"Normal"},{"type":"Normal"},{"type":"Normal"},null,null,null,null,{"type":"Normal"},{"type":"Normal"},{"type":"Normal"},{"type":"Normal"},{"type":"Normal"},null,null,null,null,{"type":"Normal"},{"type":"Normal"},{"type":"Normal"},{"type":"Normal"},{"type":"Normal"},null,null,null,null,{"type":"Normal"},{"type":"Normal"},{"type":"Normal"},{"type":"Normal"},{"type":"Normal"},null,null],"tasks":{"iceTiles":12,"rockTiles":0,"iceCreams":0}}